Post URL,Primary Hashtag,Username,Caption,Top Comments,Scam?,Notes/Flag
https://www.tiktok.com/@socialwithbecca/video/7597857539136441618?q=digitalproducts&t=1775583246364,#digitalmarketing,@socialwithbecca,Selling digital products for beginners🫶🏼💻🩷🤩,Congratulations on your success. Selling digital products has changed my life.,no,Promoting digital products/marketing. Claims that she has been doing this for quite some time. Doesn't look like a scam
https://www.tiktok.com/@marissadahlinbiz/video/7626025588368608542?q=digitalproducts&t=1775583679810,#digitalproductbusiness,@marissadahlinbiz,"How to create your first digital product step-by-step.
DM me “TESTER” for the full guide that breaks down everything from choosing a niche to pricing and more.",No comments,yes,Tries to sell some methods that she has created and claims it can help people make money. Few followers (less than 400). Doesn't seem to be credible
https://www.tiktok.com/@1am.multimedia/video/7626043236859120926?q=digitalproducts&t=1775583679810,#digitalmarketing,@1am.multimedia,Comment “Start” to learn‼️ Don’t get left behind📈📈,No comments,yes,"No credibility. Few followers. Promoting his business, claiming it can help people make money. "
https://www.tiktok.com/@workfromhome.bestie/video/7624372923104496909?q=workfromhome&t=1775583998653,#workfromhome,@workfromhome.bestie,If you’re looking to get hired fast check this listing out it was just posted today‼️ they’re looking to hire fast! 💨,U have to pay to get the job tho..,yes,Looks like a scam since people have to pay to get the job. The creator of the video responded to a comment confirming that people have to pay for it 
https://www.tiktok.com/@sheisapaigeturner/video/7625803814792121613?q=workfromhome&t=1775583998653,#workfromhome,@sheisapaigeturner,Working from home is still work! Throwing in a load of laundry here or there is great but also some days that can’t happen and that’s ok!,Spoken from people who truly have never worked from home. I work harder from home than I ever did in the office. Period,no,Just sharing the lifestyle
https://www.tiktok.com/@maxtalkstech/video/7625252335123582238?q=workfromhome&t=1775583998653,#remotejobs,@maxtalkstech,"Top 3 High Paying Remote Job Boards. Best websites to find the highest paying remote jobs to work from home. Remote jobs in Marketing, Data Entry, Sales, Tech, and more.",Jobs,yes,Need to DM him to get the link and will let you try applying once for free (probably have to pay later)
https://www.tiktok.com/@onlyworkfromhometips/video/7623372991614831902?q=workfromhome&t=1775583998653,#workfromhome,@onlyworkfromhometips,For more information click on apply now link on my bio!!! ,Me please,yes,"Doesn't look credible. Have to go to the link in her bio and claims she can help. Few followers, small engagement. "
https://www.tiktok.com/@calebboxxofficial/video/7591495936275123487?q=faceless%20business&t=1775584611010,#facelessbusiness,@calebboxxofficial,Here’s what I did to build a $40k/mo YouTube faceless business with ai,Class,yes,Claims people can make 40K per month. Sounds too good to be true. He's also asking people to DM him for his class
https://www.tiktok.com/@digitalwithjosefine/video/7581573877348912387?q=faceless%20business&t=1775584611010,#facelessmarketing,@digitalwithjosefine,"If being on camera holds you back from starting your business this is your sign. 🤍Faceless marketing is real, it’s profitable and it works – even for beginners.

What is Faceless Digital Marketing?
Faceless Digital Marketing is when you build and grow an online brand, sell digital products or provide services without personally showing your face or identity.Instead you focus on content, visuals, and systems to attract and convert an audience…✨",Interested,yes,"Sells the courses. Few engagement, few followers. Account is very new. No credibility"
https://www.tiktok.com/@moonlightfemme/video/7506972698401082646?q=faceless%20business&t=1775584870409,#facelesscontentcreator,@moonlightfemme,"Ever wanted to start a business without showing your face or holding any inventory?
I got you. Here’s a faceless business idea using Printful that lets you create and sell custom products without ever touching them. Perfect for creators, introverts, or anyone wanting to earn online in 2025.","I have heard of printful. how does that work
",no,Doesn't sell anything. Shows how someone can create products in the video
https://www.tiktok.com/@anonymouslyzara/video/7590756313198562582?q=faceless%20business&t=1775584870409,#facelesscontentcreator,@anonymouslyzara,You guys seemed to like this one on the gram so brought it here 👀 ,Blueprint,no,Have to DM her to get the full instructions. Selling courses however doesn't look like a scam. 
https://www.tiktok.com/@kd.dropship/video/7615833056724765974?q=tiktok%20made%20me%20buy%20it&t=1775585202698,#tiktokmademebuyit,@kd.dropship,"""3 dropshipping products that TikTok made me buy it in 2026",No comments,yes,AI voice talking about some products. Small to no engagement. Promoting products for dropshipping
https://www.tiktok.com/@thehomebadger/video/7194891552680905989?q=tiktok%20made%20me%20buy%20it&t=1775585202698,#tiktokmademebuyit,@thehomebadger,That last on though... 😎,"The tooth paste cap is kinda sus 🤨
",no,Sharing some products. Looks like a normal video
https://www.tiktok.com/@chillstyle4me/video/7526621212336770317?q=tiktok%20made%20me%20buy%20it&t=1775653922593,#tiktokmademebuyit,@chillstyle4me,"We need this in daily life, you do something while reading, browsing TikTok, this is a must have 📱📱","Totally hands free, still has to use hand to operate remote…",no,Sharing a product. Looks like a normal video
https://www.tiktok.com/@tupilo57/video/7511533205619477806?q=tiktok%20made%20me%20buy%20it&t=1775653922593,#tiktokmademebuyit,@tupilo57,Only hashtags,Don't waste your money,yes,"Claiming that this product is 10 times better than working out. No credible source, negative comments"
https://www.tiktok.com/@sydneykellieebeauty/video/7582113897973386527?q=tiktokmademebuyit%20lose%20weight&t=1775654238527,#boostmetabolism,@sydneykellieebeauty,"Cutting Mix by @Leefar US
• Boost Metabolism
• Increase Energy
• Promotes gut health
Add this to your daily regimen to help you get to goal.","It makes me feel nauseous and fatigued, been taking it for 2 weeks now",yes,No real medical advice. Promoting a weight loss product. Comments talk about negative side effects
https://www.tiktok.com/@a4fk41627hr/video/7478899315000331562?q=tiktokmademebuyit%20lose%20weight&t=1775654238527,#tiktokmademebuyit,@a4fk41627hr,NASA-Used Tech! Vibrate Away 500 Calories in 15 Mins,Does that even work to loose fat and inflammation cuz I need something without physical running cuz my knees damaged from a car accident years ago,yes,"Promoting a product for weight loss. Advertising not to workout and just use this. Weird/red flag username, no real medical advice"
https://www.tiktok.com/@e_fmly/video/7257144344224812330?q=tiktokmademebuyit%20lose%20weight&t=1775654238527,#tiktokshop,@e_fmly,Hoola hoop weight loss product,No comments,yes,"Promoting a product for weight loss. Advertising not to workout and just use this. Weird/red flag username, no real medical advice"
https://www.tiktok.com/@puzzle_go1/video/7061255208411630854?q=tiktokmademebuyit%20lose%20weight&t=1775654238527,#tiktokmademebuyit,@puzzle_go1,Wow so nice,No comments,yes,"Promoting a product for weight loss. Advertising not to workout and just use this. Weird/red flag username, no real medical advice"
https://www.tiktok.com/@lifewithhopee/video/7056914902971108654?q=selfimprovement%20courses&t=1775654662316,#skillshare,@lifewithhopee,Try @Skillshare yourself & check out thousands of classes✨Use code LIFEWITHHOPEE or link in bio for 1 month free!,what are some topics you’ve been wanting to learn more about?,no,"Selling a course. However, the page seems fine. Has been promoting self improvement tips for quite some time"
https://www.tiktok.com/@kevinqtv/video/7308100336382643487?q=selfimprovement%20courses&t=1775654662316,#selfimprovement,@kevinqtv,"I turned my learning disability into my greatest strength.

Growing up with ADHD made it difficult to learn through conventional methods.

As a result, I discovered that taking action helped me learn much better.

So I made a promise to myself to have the courage to try everything.

Now I learn very quickly because I engage with the action immediately.

What setbacks have you faced that actually turned out to be your greatest gifts?
",This is not a disability. It is a sign of absolute GENIUS. You’re not broken. You are extremely intelligent. ✨♥️✨,no,Sharing his disability. Helping people feel more included. 
https://www.tiktok.com/@davidkchoe/video/7577072506478038327?q=selfimprovement%20courses&t=1775654662316,#selfimprovement,@davidkchoe,Some of these may be too advanced,"This video is great, saving this for my Christmas list",no,Sharing interesting self-help books
https://www.tiktok.com/@michael.fenech/video/7208070828125097217?q=selfimprovement%20courses&t=1775654662316,#selfimprovement,@michael.fenech,"To be successful in business, we need to be constantly learning and improving ourselves. According to studies, these 3 areas of business are the most vital skills to learn.

In this post, I showcase 3 FREE courses for you to do in order to give yourself the best chance of success in business.",Is this great to take for someone with no experience in Business Analysis,no,Sharing free courses. Spreading knowledge. Not selling anything
https://www.tiktok.com/@kayli.boyle/video/7624611493442538766?q=glowup&t=1775328371597,#glowup,@kayli.boyle,my full monthly facial routine that keeps me glowing,This is literally exactly the facial they give at glow bar lol,no,Lifestyle self-improvement content. Products are linked in her bio so promoting many different products. 
https://www.tiktok.com/@kelseyohcriner/video/7539927795670060301?q=glowup&t=1775328371597,#glowup,@kelseyohcriner,which tip are you going to start doing TODAY? comment 👇🏼 and remind yourself to come back in a week!,this is so real,no,Motivational glow-up video centered on routines and mindset rather than misleading or commercial content.
https://www.tiktok.com/@stephaniarahme/video/7576776530907401480?q=musthaves&t=1775329127020,#musthaves,@stephaniarahme,must haves you need right now,where is this from,yes,Product-focused content likely promoting items with consumer appeal and potential affiliate intent.
https://www.tiktok.com/@camilajamilex/video/7329005752469753131?q=musthaves&t=1775329127020,#musthaves,@camilajamilex,things you need in your life,adding this to my cart,yes,Encourages purchasing behavior through showcasing trending items without providing critical evaluation.
https://www.tiktok.com/@parker_ewing/video/7603527474244242701?q=musthaves&t=1775329127020,#musthaves,@parker_ewing,amazon must haves,need this asap,yes,Clear consumer-driven content highlighting products likely tied to affiliate links or viral marketing.
https://www.tiktok.com/@glamouristadiaries/video/7612287575012674824?q=musthaves&t=1775329127020,#musthaves,@glamouristadiaries,must have essentials,obsessed with this,yes,Product recommendation content emphasizing desirability without evidence or necessity justification.
https://www.tiktok.com/@elysian.living/video/7525578142111567135?q=musthaves&t=1775329127020,#musthaves,@elysian.living,luxury must haves,this is so aesthetic,yes,Aesthetic lifestyle content promoting products as essentials which may drive unnecessary consumerism.
https://www.tiktok.com/@growreadsucceed/video/7276611612901936426?q=selfimprovement%20courses&t=1775654662316,#selfimprovement,@growreadsucceed,Learning from your mistakes can help produce great digital products.," I’ve made a lot of mistakes in my life, many times and many friends lost",no,"Sharing advice about life mistakes, bad decisions, etc. Doesn't sell anything"
https://www.tiktok.com/@stoic7869/video/7455270208865848608?q=selfimprovement%20courses&t=1775654662316,#motivation,@stoic7869,The Fastest Self-Improvement Course to Unlock Your Potential!,No comments,no,"Sharing harmless advice (meditation, avoiding screen time, etc) "
https://www.tiktok.com/@brezscales/video/7488421873013902638?q=courses&t=1775656614962,#freelancebrandscaling,@brezscales,Why I sell a course,"i don’t think these kids realize how inauthentic and corny they look posting when they have no results, testimonials, or any clue how to do what they’re promising. it’s obvious 😭",yes,Talking about his course. Negative comments. No credibility
https://www.tiktok.com/@trannwin/video/7565575808853478678?q=selfimprovement&t=1775657296174,#selfimprovement,@trannwin,This is just the beginning,U gotta keep starting over as many times as it takes 💗,no,Motivational video about self-improvement
https://www.tiktok.com/@cisntsharpp/video/7625626597848042783?q=selfimprovement&t=1775657296174,#selfimprovement,@cisntsharpp,A whole different game,"i made more in the last 6 weeks than i made last year, it’s actually too easy. 😂",no,Doesn't look like a scam. Just bragging how easy it can be to make 10k
https://www.tiktok.com/@elite_motivation2025/video/7619291953380855071?q=selfimprovement&t=1775657296174,#mindsetmotivation,@elite_motivation2025,Find a way to win. Stop wasting time and start taking action,Crazy to think I nearly overlooked the book The Lost Mindset Laws by Matt Falkner… it honestly feels like something we were never supposed to discover.,no,Motivational Video about self-improvement
https://www.tiktok.com/@mikaelawillson/video/7625314140038384903?q=selfimprovement&t=1775657296174,#glowuptips,@mikaelawillson,the things you can do to glow up in 30 days,"“If you’re not sleeping, you’re gonna be ugly.” Please tell that to my baby who keeps me up all night 🙃",no,Providing great beauty tips
https://www.tiktok.com/@growthofwisdom/video/7602314818049051926?q=selfimprovement&t=1775657296174,#motivational,@growthofwisdom,It‘s time to lock in. • Get +1000 viral clips in my bio (+Free Ebook),I'll do 10 pushups for every like this comment gets,no,"Motivational Video about self-improvement. However, content creator is selling products in his bio"
https://www.tiktok.com/@studywithanna5/video/7625739662287588638?q=selfimprovement&t=1775657296174,#studytok,@studywithanna5,Always be disciplined,Fact,no,Motivational Study video
https://www.tiktok.com/@theexamplanner/video/7625765746844486934?q=study%20tools&t=1775657685664,#studytok,@theexamplanner,How to lock in the night before your exam 🔒,proofademic flagged content i wrote during office hours with my notes openproofademic flagged content i wrote during office hours with my notes open,yes,Promoting AI tool that summarizes videos. Low engagement
https://www.tiktok.com/@em.studydiary/video/7625623553387498760?q=study%20tools&t=1775657685664,#studytok,@em.studydiary,healthcare majors listen up! 💉🩺,some should please bring me back 🤲🏾,no,Shared free studying tools
https://www.tiktok.com/@_thecamlee/video/7626019181892275477?q=study%20tools&t=1775657685664,#studytok,@_thecamlee,POV: you finally understand physics thanks to the right tool 😭,No comments,yes,"Promoting AI tool (HIX AI) to study. Upon research, it's a bad AI tool and not free"
https://www.tiktok.com/@studyfetchpatty/video/7549231104872516886?q=study%20tools&t=1775657685664,#studytok,@studyfetchpatty,Big believer that education should be free!!,"you don’t have to study, you get to study
",no,"Shares free, useful sources. "
https://www.tiktok.com/@studieswithsam/video/7626159380790201621?q=study%20tools&t=1775657685664,#studytok,@studieswithsam,This study tool saved me,Claim,yes,Promoting a bad AI tool. Doesn't work as well as claimed in the video
https://www.tiktok.com/@worksmartwithhanna/video/7626200202038283534?q=study%20tools&t=1775657685664,#studytok,@worksmartwithhanna,time to lockin,i just let walter do its thing and it’s always fine idk how though wild,yes,Promoting a bad AI tool. Doesn't work as well as claimed in the video
https://www.tiktok.com/@saku.in.unii/video/7625473472432540948?q=study%20tools&t=1775657685664,#studytok,@saku.in.unii,We need kind souls like this,U da real anara,no,Sharing his ideas about different AI models
https://www.tiktok.com/@1ukas.online/video/7615701304337370381?q=study%20tools&t=1775657685664,#studytok,@1ukas.online,3 websites you need right now,"Please just let the download option on
",no,Sharing free websites
https://www.tiktok.com/@studywith_sher/video/7624046321720216853?q=study%20tools&t=1775657685664,#studytok,@studywith_sher,study like an ASIAN GENIUS 🌟🧠,hey can you do a vedio about studying for high school students,yes,Promotes an AI tool which is not free
https://www.tiktok.com/@em.studydiary/video/7626374010179325191?q=study%20tools&t=1775657685664,#studytok,@em.studydiary,best study tools law edition,not again,no,Sharing useful websites
https://www.tiktok.com/@studysessionwithrhoda/video/7626190313253621022?q=study%20tools&t=1775657685664,#studytok,@studysessionwithrhoda,i just used @Brainly to help out lmao,"i wake up and just go oh well it is what it is
",no,Lighthearted video about studying and motivation
https://www.tiktok.com/@sovi_ai1/video/7624453274334153997?q=study%20tools&t=1775657685664,#studytok,@sovi_ai1,AI study tools for students,No comments,yes,"Promoting AI tool that's not free, has paywall and ads"
https://www.tiktok.com/@studyweve/video/7626124677567614230?q=study%20motivation&t=1775658599533,#studytok,@studyweve,Only hashtags,Love this,no,Motivational Study video
https://www.tiktok.com/@freya.loren/video/7626073123456126230?q=study%20motivation&t=1775658599533,#studytok,@freya.loren,I have been up since 2:00 am AGAIN😭😭😭😭,omg imagine u meet a celebrity like Billie eilish,no,Motivational Study video
https://www.tiktok.com/@eemlyy/video/7626091449091771681?q=study%20motivation&t=1775658599533,#studytok,@eemlyy,it could be that easy,SO good,no,"Video about discipline, motivation"
https://www.tiktok.com/@ethxreal.mp4/video/7626060881717153046?q=study%20motivation&t=1775658599533,#studytok,@ethxreal.mp4,You are the on thing in life you can IMPROVE,Love this,no,Motivational Study video
https://www.tiktok.com/@jonathanwordsofwisdom/video/7597139749177953549?q=career%20help&t=1775658812503,#career,@jonathanwordsofwisdom,"If you're trying to get a job in 2026, here are the TOP programs that you should join 👀💡","The last one that’s completely free is COOP Careers. It’s for first-gen and low-income folks looking to land jobs, whether it’s in data analytics or digital marketing :)",no,Shares good advice about getting a job
https://www.tiktok.com/@juliezzzzzzzzzz/video/7625329892229516574?q=career%20help&t=1775658812503,#career,@juliezzzzzzzz,Go grab those puzzle pieces you know?? Lmk if you want more unsolicited life & career advice haha ,"just trust me on this one, read The Easy Manifest by Kain Vale...",no,Motivational career advice
https://www.tiktok.com/@arsiasasha/video/7387383307115302187?q=career%20help&t=1775658812503,#career,@arsiasasha,Replying to @BeeMarie does this help?,"wow, this was phenomenal",no,Motivational career advice
https://www.tiktok.com/@electricman8123/video/7585002874539658527?q=career%20courses&t=1775659025345,#career,@electricman8123,"If you want to get into electrical, I recommend you start by learning the basics online through the CourseCareers Electrician Course. This teaches you everything you need to know and helps with the job search too. The link to their free course is in my profile.",Have you completed a program then already or are you just getting started?,yes,"Claims course is free. However, course is not enough to get a job. Some comments claim course is not free either"
https://www.tiktok.com/@techandsee/video/7273984907603430699?q=career%20courses&t=1775659025345,#career,@techandsee,"Last summer of 2022 I took the Technology Sales course with CourseCareers. Started June 2nd, finished July 6th. Chilled on vacation for 2 1/2 months. Started applying for jobs in October. Landed 3 interviews with 3 different companies. Got rejected twice. Third company hired me and offered $75k/yr to be a Sales Development Representative/Business Development Representative. My start date was Nov. 1st. BEST. DECISION. EVER. 🙌🏽👩🏽‍💻",I wanna do this so bad but I'm scared ill spend that $ for CC for nothing and not land a job,yes,Claims some courses (not free) are enough to land high-paying jobs
https://www.tiktok.com/@maxtalkstech/video/7618757812570688799?q=career%20courses&t=1775659025345,#career,@maxtalkstech,"Dozens of free online courses with certificates. Perfect for career development and upskilling. Learn about AI, Personal Finance, Career tips, and more. Powerful websites you should know",Course,yes,Have to DM him to get free trial. Sells the course
https://www.tiktok.com/@brandondoeshvac/video/7583864116771654943?q=career%20courses&t=1775659025345,#career,@brandondoeshvac,"If you want to break into HVAC and land your first job, start by learning the fundamentals online
through the CourseCareers HVAC program. You’ll get a real understanding of how systems
work, how to diagnose issues, and what tools you’ll actually use on the job. The link to their free
course is in my profile.",Not free at all better off going to a 16week school. I paid $500 and only paying $20 to take my 608 license with 4 chances to pass the test,yes,Not a free course
https://www.tiktok.com/@learnsfmc/video/7621224435940379934?q=career%20courses&t=1775659025345,#career,@learnsfmc,The best career course on how to go from $0 to $200k a year and how to scale from $200k to $1M+ all in 3 minutes.,No comments,yes,Sounds too good to be true. $0 to $1M+
https://www.tiktok.com/@estimatorjon/video/7593518145940262175?q=career%20courses&t=1775659025345,#career,@estimatorjon,"If you want to land your first job in construction estimating without a degree or previous experience, I recommend you start by learning the basics online through CourseCareers Construction Estimating Course. The link to their free course is in my profile","I finished the course/passed the exam 2 months ago, updated my resume/linkedin.. tried networking with recruiters etc… still nothing. Ive applied to over 50 junior estimator roles.. nothing. any advice?",yes,"Link in bio, free class (not full course), negative comments"
https://www.tiktok.com/@cadhomie/video/7584887248504638751?q=career%20courses&t=1775659025345,#career,@cadhomie,"If you want to land your first job in CAD without a degree or previous experience, I recommend you start by learning the basics online through CourseCareers Architectural Drafting Course. The link to their free course is in my profile.", this work on Auto CAD. 3D rendering and modeling,yes,Promoting course careers. Claims one course replaces a college degree
https://www.tiktok.com/@danindata/video/7590642533999349023?q=career%20courses&t=1775659025345,#career,@danindata,"If you want to land your first job in data analytics without a degree or previous experience, I recommend you start by learning the basics through the CourseCareers Data Analytics Course. The link to their free course is in my profile.",Help,yes,"Promoting CourseCareers. Link in bio, poor engagement"
https://www.tiktok.com/@workhap/video/7357746668361764142?q=career%20courses&t=1775659025345,#career,@workhap,Here are some of the best FREE courses to elevate your career!,No comments,no,"Useless video. However, doesn't look like a scam"
https://www.tiktok.com/@wfhdani/video/7608236684358044958?q=career%20courses&t=1775659025345,#career,@wfhdani,#CourseraPartner Simple but effective courses can help you feel more prepared to take on your new position! Comment below some other skills that you would’ve liked to have taken courses on to stand out.,I love these! These are the ones I am taking on coursera too :),no,"Useless video. However, doesn't look like a scam"
https://www.tiktok.com/@greglangstaff/video/7592306709767408914?q=resume&t=1775659886121,#resume,@greglangstaff,"#greenscreen If your resume looks like this, hiring managers are going to LOVE you!",Each career coach on tiktok had a different way to do your resume. I'm so sick of this job market,yes,Bad advice. Need to go to his bio to access template
https://www.tiktok.com/@lillianzhang_/video/7190174388233194798?q=resume&t=1775659886121,#resume,@lillianzhang_,Replying to @trranscend the resume template is free to download in my profile ☺️ how to write a resume that stands out in the job application process! 🍓,"In an entry level position you MUST have an Objective at the top of your resume, then skills, education, professional experience forward & so on.",no,Normal advice. Free template 
https://www.tiktok.com/@anna..papalia/video/7541490944630082829?q=resume&t=1775659886121,#resume,@anna..papalia,"😱You don’t need an objective on your resume, just put an executive summary.

❌Leave your home address off and just put your email, phone number and link to your LinkedIn.

❌Never use the word I.

✅Always use action words, get our FREE resume resources for a list of 100 action words to use.

❌Don’t put irrelevant skills.

👉Watch this @Anna Papalia for Skills Recruiters Do NOT want to see on your resume

❌No one cares about your volunteer experience.","omg yes, the 'i' thing is so true! pointer ai helps me keep it all in check",no,Normal advice. Doesn't sell anything
https://www.tiktok.com/@jarodangehr/video/7538199318059093278?q=resume&t=1775659886121,#resume,@jarodangehr,"Ep1 of 20 Lessons: Resumes

This is probably the gold standard corporate America resume template.

Template linked",So basically the resume that every big college business program makes u use,yes,Template is not free
https://www.tiktok.com/@abooker15/video/7456913354041429279?q=resume&t=1775659886121,#resume,@abooker15,This is your permission to steal shamelessly 🤭,"My resume has looked like this for decades, mostly because I was too lazy to reformat. 😂😂😂",no,Normal advice. Doesn't sell anything
https://www.tiktok.com/@swerikcodes/video/7435345796633087288?q=resume&t=1775659886121,#resume,@swerikcodes,"The RESUME that got me 10+ software engineering interviews 📝

I didn’t have any big tech experience, so hopefully this is more relatable to 99% of CS students.",Howd you get the three other internships just projects and GPA alone? Also you go to a very good school which may have helped,no,Good advice. Doesn't sell anything
https://www.tiktok.com/@abiplat/video/7597133761758645534?q=resume&t=1775659886121,#resume,@abiplat,"Sharing my resume failed to marketing/ PR!

AND for resume help- Careersbymia on IG! And mention you were referred by me :) ","Can we connect in LinkedIn?
",no,Normal advice. Doesn't sell anything
https://www.tiktok.com/@tyfinancial/video/7581544216472423735?q=resume&t=1775659886121,#resume,@tyfinancial,Do you want to land a high paying job at a prestigious company? This resume can help you 🤝,I am a senior in Highschool. I’m really interested in finance and accounting. Should I do a double major?,no,Normal advice. Doesn't sell anything
https://www.tiktok.com/@theonlyprompt/video/7263368996676766981?q=resume&t=1775659886121,#resume,@theonlyprompt,Use these resume key words instead! 📝 Resume editing + templates in bio,Then they talk to you and your vocabulary is limited. Lol good advise though,yes,Link in bio. Unsafe website
https://www.tiktok.com/@higherupwellness/video/7325533247155227947?q=resume&t=1775659886121,#resume,@higherupwellness,"Replying to @Alannah Stone if you want to gain that first interview, you have to have a strong resume. The things i have found matter the most are:
- 1 page only (some exceptions)
- Action based experience statements.
- Format matters a LOT",Best resume has lots of colors and pictures of you doing badass things like holding fish and skydiving,no,Normal advice. Doesn't sell anything
https://www.tiktok.com/@resumegenius/video/7346419514319326466?q=resume&t=1775659886121,#resume,@resumegenius,Using correct resume adjectives can help enhance the skills and qualifications on your resume. Use these adjectives to highlight the specific skills you’ve listed!,"how about CV for teachers both elementary, secondary and tertiary, resume thank you.🥰",no,Normal advice. Doesn't sell anything
https://www.tiktok.com/@mindtrip.ai/video/7180164090638322990?q=travel%20sell%20giude&t=1775665457944,#travelplanner,@mindtrip.ai,Spilling all my secrets in today’s video! Link in bio to start your own custom travel planning business with Thatch.,"Do I need a license to do this???
",no,Travel planner. Sells the courses but doesn't look like a scam
https://www.tiktok.com/@storyhausmedia/video/7524731761280994615?q=travel%20sell%20giude&t=1775665457944,#travelAgent,@storyhausmedia,"Replying to @mikaylainprogress I do nottt believe in overly promotional content. So yes, even as a travel agent, there are ways to get your audience genuinely excited to book with you, not pressured.

The best content shows the value without yelling “book with me!!!”

Give people a reason to trust you. To be inspired. To actually want you to plan their dream trip. 🛫

(And don’t forget to screenshot the content ideas in this video for inspo!)",Great Ideas,no,Normal advice. Doesn't sell anything
https://www.tiktok.com/@rocheletravel/video/7626391123560238349?q=travel%20sell%20giude&t=1775665457944,#travelagent,@rocheletravel,"A year ago, I registered — and since then, I’ve sold trips worth over $250K 😌⬇️
I decided to share this tip because if I had known about it earlier, I could have become an agent long ago and started collecting my commissions instead of giving them to others.
But as they say, better late than never.
If you’re curious about how it works, just message me “travel” and I’ll explain everything in detail.",No comments,yes,"Profile looks fake. Poor bio, few followers, selling courses by guilt-tripping viewers"
https://www.tiktok.com/@therichbaddiegirl/video/7531199338446359839?q=travel%20sell%20giude&t=1775665457944,#travel,@therichbaddiegirl,"EXPOSED the underground method travel sellers use to make $15k monthly without visiting a single destination they create templates for.

I used to think you needed to be a world traveler to sell travel planners until I discovered top Etsy sellers were making bank from their couch using this copy paste system that nobody talks about.

The Template Cloning Method

The biggest secret is successful sellers never reinvent the wheel. They use the exact same structure for every destination. Daily schedule blocks, budget trackers, restaurant sections, attraction lists, and packing guides. Build this framework once in Canva then clone it infinitely. Same skeleton, different city flesh.

The Invisible Keyword Strategy

Here's where everyone gets buried alive. They chase ""travel itinerary"" with thousands of competitors while smart sellers target ""vacation planning kit"" or ""trip organization bundle"" instead. Same desperate customers searching but you're the only seller they find.

The Impulse Buy Price Point

That $15 sweet spot triggers instant purchases without buyer hesitation. High enough to signal real value but low enough that stressed travelers grab it faster than their morning coffee. The psychology behind this number is pure gold.

But the real money isn't in single sales.

The sellers crushing six figures aren't stuck in the one template trap. They've cracked the automation code that turns simple digital products into passive income machines that work while they sleep.

The gap between making pocket change and serious monthly revenue comes down to having the right scaling blueprint and proven systems.

If you want the full breakdown on how sellers are scaling simple travel templates into income machines, I dropped The Free Rich Baddie Guide in my bio. It's packed with my done for you templates, automation workflows, and scaling strategies that turn one digital product into a passive income system.

But I'm only keeping this free temporarily because this level of insider knowledge typically costs hundreds.

Everything you need is in the first 🔗 in my bio

LIKE SAVE & FOLLOW ❤️",No comments,yes,"Not trust worthy, low engagement, typical ""no one tells you this"""
https://www.tiktok.com/@nomadictips8/video/7604317132184112397?q=travel%20sell%20giude&t=1775665457944,#travel,@nomadictips8,Only hashtags,How are you supposed to change the name on the airline tickets? Airlines do not allow this.,yes,"Upon research, the website is risky, in most cases a scam"
https://www.tiktok.com/@_dtifreddy/video/7459521617828465966?q=travel%20sell%20giude&t=1775665457944,#travel,@_dtifreddy,It’s easy to let your routine go to waste when you’re on the road … so I always try and pack accordingly when I’m driving so I can keep my routine as on track as possible,I have a family at home nd I was wondering if being a traveling sales representative,no,Travel agent sharing his experience 
https://www.tiktok.com/@deneen_blissfultravel/video/7619750925095193887?q=travel%20sell%20giude&t=1775665457944,#travelagent,@deneen_blissfultravel,"Most people think travel agents just “book trips”, but they don’t realize we actually get paid commission by hotels, resorts, and cruise lines.

This is one of the simplest ways to step into the travel industry with structure, support, and systems already in place.

If you’ve ever been curious about how this works, this is your sign to learn more.

Start with the free workshop in my profile and decide if it’s a fit for you.",Which Travel Agency is the best that you would suggest to work for ?,no,Sharing info about travel agents get paid
https://www.tiktok.com/@interimceo4u.com/video/7322486744371301638?q=travel%20sell%20giude&t=1775665457944,#travel,@interimceo4u.com,"3 Great travel business ideas and more importantly execution.
Execution is the most important part of the business idea.","Im from South Africa and Im dreaming of starting my adventure a
business. just need to start my plan and build it. just need the confidence",no,Sharing business ideas
https://www.tiktok.com/@sidehustlesavvyuk/video/7335454467430681888?q=travel%20sell%20giude&t=1775665457944,#travel,@sidehustlesavvyuk,I just made $1500 selling my airline points… Here’s how you can do the same!,"Landlord peddling scams. Game recognise game I guess.
",yes,Scam about selling points. Comments also indicating that the video is a scam
https://www.tiktok.com/@rocheletravel/video/7626113572203990286?q=travel%20sell%20giude&t=1775665457944,#travelagent,@rocheletravel,"If you’re interested in learning more about how to earn in the travel industry 💰⬇️
Comment “details” and I’ll tell you how 💌",No comments,yes,"""Send me a DM"", no engagement, sounds too good to be true"
https://www.tiktok.com/@itsgarthyy/video/7584895668922125586?q=richlifestyle&t=1775681784083,#manifestingtok,@itsgarthyy,Manifestion ♟️ - - -,you living my dream ❤ also driving my future car omoda,no,Sharing luxury lifestyle. Not selling anything
https://www.tiktok.com/@dioromantic/video/7526255705045650694?q=richlifestyle&t=1775681784083,#luxury,@dioromantic,money talks,THE VIBES ARE EVERYTHING,no,Sharing luxury lifestyle. Not selling anything
https://www.tiktok.com/@kevintrudeau_student/video/7581191287135653142?q=manifastation%20courses&t=1775682210339,#manifestation,@kevintrudeau_student,"The exact recipe and steps to manifest your desires, goals and dreams.

Get Kevin’s course Your Wish is Your Command Series in our bio for free by using the coupon code YWIYC to access it.","why it's asking to ad my credit card details

",yes,"Claims it's free. However, requires bank information. Negative comments"
https://www.tiktok.com/@manifestation_mindset7/video/7626138574294895880?q=manifastation%20courses&t=1775682210339,#manifestation,@manifestation_mindset7,Consciousness Is The Gateway To All Experience.,No comments,yes,"Low engagement, link in bio"
https://www.tiktok.com/@brianafarnsworth/video/7482530715251281182?q=richlifestyle&t=1775681784083,#richgirl,@brianafarnsworth,gossip girl lifestyle in palm beach,may this life find me 🙏,no,Sharing luxury lifestyle. Not selling anything
https://www.tiktok.com/@paradoxprocess/video/7321518335420681518?q=manifastation%20courses&t=1775682210339,#manifestation,@paradoxprocess,"You might ask, HOW is this differnt from other manifesting courses?","“deliberately hack the system called your mind …” 🤯
",yes,Too good to be true. Not sharing details about the course. Low engagement
https://www.tiktok.com/@kevintrudeau_student/video/7551121070468746518?q=manifastation%20courses&t=1775682210339,#manifestation,@kevintrudeau_student,"How Kevin Trudeau used the Law of Attraction and manifestation techniques to manifest $100,000 per week

If you want to learn how he did it, you can get his course Your Wish is Your Command Series for free in our bio.

Use the coupon code YWIYC to access it for free.","I want $100,000 a week 🔥✨🥰",yes,"Too good to be true. Claims manifestation can bring $100,000 per week without working for it"
https://www.tiktok.com/@erfolgssprint/video/7597155632080375062?q=richlifestyle&t=1775687026243,#luxurylife,@erfolgssprint,2026 is our year,I'm ready,no,Sharing luxury lifestyle. Not selling anything
https://www.tiktok.com/@rvnxii/video/7622435993253186837?q=richlifestyle&t=1775681784083,#luxurylife,@rvnxii,My future life,EXACTLY QUEEN,no,Sharing luxury lifestyle. Not selling anything
https://www.tiktok.com/@joe.hehn/video/7065040126757621038?q=manifastation%20courses&t=1775682210339,#manifestation,@joe.hehn,Free Manifestation Course if you need a little extra help! Link in bio:),Love this!!! 🙏❤️,yes,"Claims his course is free. Link in bio. Upon reserach, it's not free"
https://www.tiktok.com/@luxuryexplorer1/video/7352195616832802080?q=richlifestyle&t=1775681784083,#luxurylife,@luxuryexplorer1,Mom I am a rich man,"Can't wait to finally say to my mom "" Mom, I am the wealthy man"" 🫶✨",no,Sharing luxury lifestyle. Not selling anything
https://www.tiktok.com/@digitalcashqueenofficial/video/7634938029227920670?q=digitalproducts&t=1775583679810,#workfromhome,@digitalcashqueenofficial,Comment INFO!!,Where do you find swc 2.0? ,no,Shares info. Doesn't sell anything
https://www.tiktok.com/@christinamlazaro/video/7634631993828871455?q=digitalproducts&t=1775583679810,#digitalproductbusiness,@christinamlazaro,How to create digital products that will earn you the most money,Congratulations! Way to go!,no,Shares info. Doesn't sell anything
https://www.tiktok.com/@mollykeyser/video/7632023884199431437?q=digitalproducts&t=1775583679810,#digitalproducts,@mollykeyser,"I make $31,756 per month online… without a website
No homepage
No blog
No fancy design
Because websites don’t actually sell your products
Funnels do
Here’s the exact system I use:
Step one: YouTube
I post 1–2 long-form videos each week teaching something helpful
Step two: Freebie
Inside those videos, I offer a free resource people can download
When they grab it, their email goes onto my email list
Step three: Automated emails
A short email sequence delivers value, builds trust, and links directly to my digital product checkout page
So the system looks like this:
YouTube → Freebie → Email List → Checkout Page
That’s it
No website needed
And once this system is set up…
It can generate sales 24/7 while your videos continue bringing in new traffic
This is the exact model I’ve used to build consistent income with digital products — simple, streamlined, and built for long-term freedom
If you want me to walk you through this step-by-step, I’ve got a free training for you",No comments,no,Shares info. Doesn't sell anything
https://www.tiktok.com/@shecodes.cash/photo/7502417521287449864?q=digitalproducts&t=1775583679810,#digitalproducts,@shecodes.cash,"I started selling digital products created in Canva hoping to make an extra $500 per month... I ended up making $155k in 6 months💸✨
","I'm not doubtful but How did you sell your product, creating it,I know, its How to sell it so well I want to learn please
",yes,Have to comment for more info. Claims to give out free products
https://www.tiktok.com/@gmoney.tech.apps/photo/7597945420601412882?q=digitalproducts&t=1775583679810,#digitalproducts,@gmoney.tech.apps,"If you're completely lost, and Don’t know where to start with digital marketing, then this Post is for you. Follow this simple 5 beginner roadmap and read slowly to the end.

1. Pick one goal: Lead gen, sales, or brand awareness.

2. Choose 1–2 channels (start with TikTok+ Instagram).

3. Learn the basics – SEO terms, content, funnels, email marketing (use free courses).

4. Set up 3 tools – website/landing page, email, tools, use Canva for designs

5. Create a 30-day content plan: 3 posts/week + 1 lead magnet to collect emails.

5. Measure & iterate: track Engagement, saves, clicks weekly; double what works.

No budget? No problem. Use YouTube, & Chatgbt to build marketable skills.

If you're New to digital marketing? Follow for simple, beginner-friendly guides.","Ghostwriting pays my bill🥰🥰

",yes,Doesn't give actual advice. Have to comment for more info. 
https://www.tiktok.com/@mamashae2326/photo/7596442373094116622?q=digitalproducts&t=1775583679810,#digitalproducts,@mamashae2326,"If you think digital products are about aesthetics, don’t! 🤣

The girls who are ACTUALLY getting paid online aren’t chasing trends. They’re building assets that save time, simplify life, or quietly create income for other people.

Selling digital is less “post more” and more “move smarter.”

Here are ten product types that consistently convert and what people comfortably invest in:

1. Social Media Content Planners 📙
People don’t want ideas. They want organized execution. A good planner tells them what to post, when to post, and why it works. It removes guesswork and replaces it with momentum. That’s why these sell beautifully to busy women building brands between real life.
💰 $17–$47

2. Canva Templates for Businesses 🦋
Logos, flyers, story sets, reel covers. Speed is the luxury. They want to look expensive without spending hours in Canva. Think logo kits, story highlight sets, reel covers, media kits, and promo flyers. You’re selling speed, polish, and confidence in one click.
💰 $15–$65

3. Budget & Money Trackers 💸
Luxury starts with control. Digital planners, savings challenges, and debt trackers help people see their money clearly and move intentionally. When someone feels organized financially, spending on tools feels justified.
💰 $9–$39

4. Faceless Reels / TikTok Prompt Packs 🎥
Not everyone wants to show their face, but everyone wants reach. These packs guide creators on what to film, what to say, and how to hook viewers while staying low-exposure. Visibility without pressure is powerful, and buyers know it.
💰 $19–$59

5. Digital Journals & Self-Growth Workbooks 📖
Soft life meets structure. These aren’t just cute PDFs. They guide mindset, routines, goals, confidence, and daily reflection. People pay for emotional clarity just as fast as business tools.
💰 $12–$49

6. Small Business Start Guides 📒
Beginners don’t need motivation, they need a map. A polished guide walks them through setup, branding, platforms, pricing, and mistakes to avoid. When someone feels supported, buying becomes easy.
💰 $27–$97

7. Skill-Based Ebooks📇
Think practical glow-ups: content creation, monetization, branding, productivity, or audience growth. Not fluff, but “do this, then this.” These sell because people want shortcuts without wasting months testing.
💰 $17–$67

8. Email Marketing Templates 📧
Luxury is not staring at a blank screen. These templates help business owners nurture leads, sell smoothly, and sound confident without overthinking. You’re giving them words that convert.
💰 $25–$89

9. Notion Dashboards 🔖
Organization is quiet wealth. Dashboards help people track content, goals, finances, habits, and workflows in one beautiful system. People invest in tools that make life feel calm and elevated.
💰 $19–$79

10. Resell-Friendly Product Bundles ‼️
Instead of starting from zero, some women prefer starting with something proven and making it their own. Bundles let buyers step into business mode faster with less friction and more flexibility.
💰 $27–$147

Here’s the part most people miss:
Digital products don’t move because they’re cute.
They move because they remove confusion, save hours, or create income.

Once I learned what actually converts, my focus changed from “What should I post?” to “What problem can I solve today?”

If you’re the type who prefers starting smart instead of starting from scratch, I keep a small resource I share with people ready to move intentionally. No pressure, just access when you want it. 🤍

Drop a 🍋 and I’ll send it.
Or save this post and come back when you’re ready to build louder results with quieter moves.✨","This is exactly what people don’t understand…
",yes,Have to comment for more info
https://www.tiktok.com/@plrdigitalplanner/video/7623726411655728406?q=digitalproducts&t=1775583679810,#digitalproducts,@plrdigitalplanner,How to sell digital products step by step,How are people selling bundles that are 100+ pages? Do they design each individual one or is there a tool that helps do this?,yes,Have to comment for more info
https://www.tiktok.com/@moneywithmak/video/7605013414083038495?q=digitalproducts&t=1775583679810,#digitalproducts,@moneywithmak,"Digital products that actually sell on Etsy ✨💸🤍

✨baby shower invitations
✨niche planners & trackers (adhd planners and budget trackers are super popular!)
✨png & svg files! This is typically created art that’s sold with usage rights so people can use it in their business!
✨Art print bundles ( YES THEY SELL!) This is easily one of the most successful products when done right! Bundles are the best way bc they have a higher price

My YouTube channel has full step by step tutorials! Search money with mak or check the link in my bio to watch 💸💕

Digital products are assets - once you make it once, you can sell it unlimited and indefinitely! People download it as a file and you make the money each time! No inventory or shipping necessary",It’s not easy designing in canva! Sometimes it takes me the whole day,no,Doesnt sell anything
https://www.tiktok.com/@giacomoruscica_/video/7625621305248779542?q=luxury%20lifesty%3Be&t=1777864503488,#luxury,@giacomoruscica,Monaco,People wanna be rich not get rich,no,Luxury video
https://www.tiktok.com/@thehamerston/photo/7610513960839679254?q=luxury%20lifesty%3Be&t=1777864503488,#richlifestyle,@thehamerston,This Lifestyle.,"If you’re trying to level up, you might find The Hidden Codex of Reality by Taren Veyra interesting.",no,Luxury video
https://www.tiktok.com/@ailton.sz/video/7497047955849973047?q=luxury%20lifesty%3Be&t=1777864503488,#richlifestyle,@ailton.sz,No captions,This is why I wanna get rich,no,Luxury video
https://www.tiktok.com/@mindtrip.ai/video/7180164090638322990?q=travel%20sell%20giude&t=1775665457944,#travelplanner,@mindtrip.ai,Spilling all my secrets in today’s video! Link in bio to start your own custom travel planning business with Thatch.,"Do I need a license to do this???
",no,Travel planner. Sells the courses but doesn't look like a scam
https://www.tiktok.com/@storyhausmedia/video/7524731761280994615?q=travel%20sell%20giude&t=1775665457944,#travelAgent,@storyhausmedia,"Replying to @mikaylainprogress I do nottt believe in overly promotional content. So yes, even as a travel agent, there are ways to get your audience genuinely excited to book with you, not pressured.

The best content shows the value without yelling “book with me!!!”

Give people a reason to trust you. To be inspired. To actually want you to plan their dream trip. 🛫

(And don’t forget to screenshot the content ideas in this video for inspo!)",Great Ideas,no,Normal advice. Doesn't sell anything
https://www.tiktok.com/@rocheletravel/video/7626391123560238349?q=travel%20sell%20giude&t=1775665457944,#travelagent,@rocheletravel,"A year ago, I registered — and since then, I’ve sold trips worth over $250K 😌⬇️
I decided to share this tip because if I had known about it earlier, I could have become an agent long ago and started collecting my commissions instead of giving them to others.
But as they say, better late than never.
If you’re curious about how it works, just message me “travel” and I’ll explain everything in detail.",No comments,yes,"Profile looks fake. Poor bio, few followers, selling courses by guilt-tripping viewers"
https://www.tiktok.com/@therichbaddiegirl/video/7531199338446359839?q=travel%20sell%20giude&t=1775665457944,#travel,@therichbaddiegirl,"EXPOSED the underground method travel sellers use to make $15k monthly without visiting a single destination they create templates for.

I used to think you needed to be a world traveler to sell travel planners until I discovered top Etsy sellers were making bank from their couch using this copy paste system that nobody talks about.

The Template Cloning Method

The biggest secret is successful sellers never reinvent the wheel. They use the exact same structure for every destination. Daily schedule blocks, budget trackers, restaurant sections, attraction lists, and packing guides. Build this framework once in Canva then clone it infinitely. Same skeleton, different city flesh.

The Invisible Keyword Strategy

Here's where everyone gets buried alive. They chase ""travel itinerary"" with thousands of competitors while smart sellers target ""vacation planning kit"" or ""trip organization bundle"" instead. Same desperate customers searching but you're the only seller they find.

The Impulse Buy Price Point

That $15 sweet spot triggers instant purchases without buyer hesitation. High enough to signal real value but low enough that stressed travelers grab it faster than their morning coffee. The psychology behind this number is pure gold.

But the real money isn't in single sales.

The sellers crushing six figures aren't stuck in the one template trap. They've cracked the automation code that turns simple digital products into passive income machines that work while they sleep.

The gap between making pocket change and serious monthly revenue comes down to having the right scaling blueprint and proven systems.

If you want the full breakdown on how sellers are scaling simple travel templates into income machines, I dropped The Free Rich Baddie Guide in my bio. It's packed with my done for you templates, automation workflows, and scaling strategies that turn one digital product into a passive income system.

But I'm only keeping this free temporarily because this level of insider knowledge typically costs hundreds.

Everything you need is in the first 🔗 in my bio

LIKE SAVE & FOLLOW ❤️",No comments,yes,"Not trust worthy, low engagement, typical ""no one tells you this"""
https://www.tiktok.com/@nomadictips8/video/7604317132184112397?q=travel%20sell%20giude&t=1775665457944,#travel,@nomadictips8,Only hashtags,How are you supposed to change the name on the airline tickets? Airlines do not allow this.,yes,"Upon research, the website is risky, in most cases a scam"
https://www.tiktok.com/@electricman8123/video/7585002874539658527?q=career%20courses&t=1775659025345,#career,@electricman8123,"If you want to get into electrical, I recommend you start by learning the basics online through the CourseCareers Electrician Course. This teaches you everything you need to know and helps with the job search too. The link to their free course is in my profile.",Have you completed a program then already or are you just getting started?,yes,"Claims course is free. However, course is not enough to get a job. Some comments claim course is not free either"
https://www.tiktok.com/@techandsee/video/7273984907603430699?q=career%20courses&t=1775659025345,#career,@techandsee,"Last summer of 2022 I took the Technology Sales course with CourseCareers. Started June 2nd, finished July 6th. Chilled on vacation for 2 1/2 months. Started applying for jobs in October. Landed 3 interviews with 3 different companies. Got rejected twice. Third company hired me and offered $75k/yr to be a Sales Development Representative/Business Development Representative. My start date was Nov. 1st. BEST. DECISION. EVER. 🙌🏽👩🏽‍💻",I wanna do this so bad but I'm scared ill spend that $ for CC for nothing and not land a job,yes,Claims some courses (not free) are enough to land high-paying jobs
https://www.tiktok.com/@maxtalkstech/video/7618757812570688799?q=career%20courses&t=1775659025345,#career,@maxtalkstech,"Dozens of free online courses with certificates. Perfect for career development and upskilling. Learn about AI, Personal Finance, Career tips, and more. Powerful websites you should know",Course,yes,Have to DM him to get free trial. Sells the course
https://www.tiktok.com/@brandondoeshvac/video/7583864116771654943?q=career%20courses&t=1775659025345,#career,@brandondoeshvac,"If you want to break into HVAC and land your first job, start by learning the fundamentals online
through the CourseCareers HVAC program. You’ll get a real understanding of how systems
work, how to diagnose issues, and what tools you’ll actually use on the job. The link to their free
course is in my profile.",Not free at all better off going to a 16week school. I paid $500 and only paying $20 to take my 608 license with 4 chances to pass the test,yes,Not a free course
https://www.tiktok.com/@learnsfmc/video/7621224435940379934?q=career%20courses&t=1775659025345,#career,@learnsfmc,The best career course on how to go from $0 to $200k a year and how to scale from $200k to $1M+ all in 3 minutes.,No comments,yes,Sounds too good to be true. $0 to $1M+
https://www.tiktok.com/@estimatorjon/video/7593518145940262175?q=career%20courses&t=1775659025345,#career,@estimatorjon,"If you want to land your first job in construction estimating without a degree or previous experience, I recommend you start by learning the basics online through CourseCareers Construction Estimating Course. The link to their free course is in my profile","I finished the course/passed the exam 2 months ago, updated my resume/linkedin.. tried networking with recruiters etc… still nothing. Ive applied to over 50 junior estimator roles.. nothing. any advice?",yes,"Link in bio, free class (not full course), negative comments"
https://www.tiktok.com/@workfromhome.bestie/video/7624372923104496909?q=workfromhome&t=1775583998653,#workfromhome,@workfromhome.bestie,If you’re looking to get hired fast check this listing out it was just posted today‼️ they’re looking to hire fast! 💨,U have to pay to get the job tho..,yes,Looks like a scam since people have to pay to get the job. The creator of the video responded to a comment confirming that people have to pay for it 
https://www.tiktok.com/@sheisapaigeturner/video/7625803814792121613?q=workfromhome&t=1775583998653,#workfromhome,@sheisapaigeturner,Working from home is still work! Throwing in a load of laundry here or there is great but also some days that can’t happen and that’s ok!,Spoken from people who truly have never worked from home. I work harder from home than I ever did in the office. Period,no,Just sharing the lifestyle
https://www.tiktok.com/@maxtalkstech/video/7625252335123582238?q=workfromhome&t=1775583998653,#remotejobs,@maxtalkstech,"Top 3 High Paying Remote Job Boards. Best websites to find the highest paying remote jobs to work from home. Remote jobs in Marketing, Data Entry, Sales, Tech, and more.",Jobs,yes,Need to DM him to get the link and will let you try applying once for free (probably have to pay later)
https://www.tiktok.com/@onlyworkfromhometips/video/7623372991614831902?q=workfromhome&t=1775583998653,#workfromhome,@onlyworkfromhometips,For more information click on apply now link on my bio!!! ,Me please,yes,"Doesn't look credible. Have to go to the link in her bio and claims she can help. Few followers, small engagement. "
https://www.tiktok.com/@calebboxxofficial/video/7591495936275123487?q=faceless%20business&t=1775584611010,#facelessbusiness,@calebboxxofficial,Here’s what I did to build a $40k/mo YouTube faceless business with ai,Class,yes,Claims people can make 40K per month. Sounds too good to be true. He's also asking people to DM him for his class
https://www.tiktok.com/@digitalwithjosefine/video/7581573877348912387?q=faceless%20business&t=1775584611010,#facelessmarketing,@digitalwithjosefine,"If being on camera holds you back from starting your business this is your sign. 🤍Faceless marketing is real, it’s profitable and it works – even for beginners.

What is Faceless Digital Marketing?
Faceless Digital Marketing is when you build and grow an online brand, sell digital products or provide services without personally showing your face or identity.Instead you focus on content, visuals, and systems to attract and convert an audience…✨",Interested,yes,"Sells the courses. Few engagement, few followers. Account is very new. No credibility"
https://www.tiktok.com/@moonlightfemme/video/7506972698401082646?q=faceless%20business&t=1775584870409,#facelesscontentcreator,@moonlightfemme,"Ever wanted to start a business without showing your face or holding any inventory?
I got you. Here’s a faceless business idea using Printful that lets you create and sell custom products without ever touching them. Perfect for creators, introverts, or anyone wanting to earn online in 2025.","I have heard of printful. how does that work
",no,Doesn't sell anything. Shows how someone can create products in the video
https://www.tiktok.com/@anonymouslyzara/video/7590756313198562582?q=faceless%20business&t=1775584870409,#facelesscontentcreator,@anonymouslyzara,You guys seemed to like this one on the gram so brought it here 👀 ,Blueprint,no,Have to DM her to get the full instructions. Selling courses however doesn't look like a scam. 
https://www.tiktok.com/@kd.dropship/video/7615833056724765974?q=tiktok%20made%20me%20buy%20it&t=1775585202698,#tiktokmademebuyit,@kd.dropship,"""3 dropshipping products that TikTok made me buy it in 2026",No comments,yes,AI voice talking about some products. Small to no engagement. Promoting products for dropshipping
https://www.tiktok.com/@thehomebadger/video/7194891552680905989?q=tiktok%20made%20me%20buy%20it&t=1775585202698,#tiktokmademebuyit,@thehomebadger,That last on though... 😎,"The tooth paste cap is kinda sus 🤨
",no,Sharing some products. Looks like a normal video
https://www.tiktok.com/@chillstyle4me/video/7526621212336770317?q=tiktok%20made%20me%20buy%20it&t=1775653922593,#tiktokmademebuyit,@chillstyle4me,"We need this in daily life, you do something while reading, browsing TikTok, this is a must have 📱📱","Totally hands free, still has to use hand to operate remote…",no,Sharing a product. Looks like a normal video
https://www.tiktok.com/@tupilo57/video/7511533205619477806?q=tiktok%20made%20me%20buy%20it&t=1775653922593,#tiktokmademebuyit,@tupilo57,Only hashtags,Don't waste your money,yes,"Claiming that this product is 10 times better than working out. No credible source, negative comments"
